{
 "map": "LongIslandSoundMap.BNA.json", 
 "obj_type": "gnome.model.Model", 
 "weathering_substeps": 1, 
 "uncertain": false, 
 "name": "Model", 
 "environment": [
  "Waves_116.json", 
  "Wind_0.json", 
  "Water (1).json"
 ], 
 "movers": [], 
 "outputters": [
  "SpillJsonOutput.json", 
  "WeatheringOutput.json", 
  "CurrentJsonOutput.json", 
  "IceJsonOutput.json"
 ], 
 "start_time": "2012-09-15T12:00:00", 
 "make_default_refs": true, 
 "cache_enabled": false, 
 "weatherers": [
  "Evaporation.json", 
  "Emulsification.json", 
  "Skim.json", 
  "NaturalDispersion_13.json", 
  "FayGravityViscous_13.json", 
  "Langmuir_13.json"
 ], 
 "spills": [
  "Point or Line Release.json"
 ], 
 "mode": "gnome", 
 "duration": 86400.0, 
 "time_step": 600.0, 
 "id": "6a6ce2a1-9c23-11e9-8899-f0d5bf0664d0", 
 "num_time_steps": 145, 
 "location": []
}