{
 "obj_type": "gnome.map.MapFromBNA", 
 "name": "LongIslandSoundMap.BNA", 
 "map_bounds": [
  [
   -73.083328, 
   40.922832
  ], 
  [
   -73.083328, 
   41.330833
  ], 
  [
   -72.336334, 
   41.330833
  ], 
  [
   -72.336334, 
   40.922832
  ]
 ], 
 "filename": "LongIslandSoundMap.BNA", 
 "spillable_area": [
  [
   [
    -73.083328, 
    40.922832
   ], 
   [
    -73.083328, 
    41.330833
   ], 
   [
    -72.336334, 
    41.330833
   ], 
   [
    -72.336334, 
    40.922832
   ]
  ]
 ], 
 "id": "0e848468-d6d3-11e8-b63c-acbc32795767", 
 "refloat_halflife": 6.0
}