{
 "map": "LongIslandSoundMap.BNA.json", 
 "obj_type": "gnome.model.Model", 
 "weathering_substeps": 1, 
 "uncertain": false, 
 "name": "Model", 
 "environment": [
  "Waves_116.json", 
  "Wind_0.json", 
  "Water.json"
 ], 
 "movers": [], 
 "outputters": [], 
 "start_time": "2012-09-15T12:00:00", 
 "make_default_refs": true, 
 "cache_enabled": false, 
 "weatherers": [
  "Evaporation.json", 
  "Emulsification.json", 
  "Skim.json"
 ], 
 "spills": [
  "Point or Line Release.json"
 ], 
 "mode": "gnome", 
 "duration": 86400.0, 
 "time_step": 600.0, 
 "id": "0e847554-d6d3-11e8-8899-acbc32795767", 
 "num_time_steps": 145, 
 "location": []
}