{
 "active_range": [
  "-inf", 
  "inf"
 ], 
 "on": true, 
 "obj_type": "gnome.weatherers.roc.Skim", 
 "nameplate_pump": 100.0, 
 "group": "A", 
 "name": "Skim", 
 "rig_time": 1800.0, 
 "transit_time": 7200.0, 
 "recovery": 0.75, 
 "recovery_ef": 0.75, 
 "storage": 2000.0, 
 "decant": 0.75, 
 "skim_efficiency_type": "meh", 
 "throughput": 0.75, 
 "swath_width": 150.0, 
 "timeseries": [
  [
   "2012-09-15T12:00:00", 
   "2012-09-16T01:00:00"
  ]
 ], 
 "units": {
  "storage": "bbl", 
  "swath_width": "ft", 
  "nameplate_pump": "gpm", 
  "decant_pump": "gpm", 
  "speed": "kts", 
  "discharge_pump": "gpm"
 }, 
 "discharge_pump": 1000.0, 
 "speed": 2.0, 
 "id": "0d68cfc5-d6d3-11e8-8899-acbc32795767", 
 "decant_pump": 150.0
}