{
 "obj_type": "gnome.environment.wind.Wind", 
 "units": "m/s", 
 "description": "Wind Object", 
 "source_type": "undefined", 
 "extrapolation_is_allowed": false, 
 "updated_at": null, 
 "longitude": null, 
 "filename": null, 
 "speed_uncertainty_scale": 0.0, 
 "source_id": "undefined", 
 "timeseries": [
  [
   "2018-10-23T07:00:00", 
   [
    15.0, 
    0.0
   ]
  ]
 ], 
 "latitude": null, 
 "data_start": "-inf", 
 "id": "08794463-d6d3-11e8-b0e1-acbc32795767", 
 "data_stop": "inf", 
 "name": "Wind_0"
}